cLink,chID,raw_name,season_number,season,vote_type
/wiki/Abram_Boise,c001,Abram,7,7. The Gauntlet,group
/wiki/Alton_Williams,c010,Alton,7,7. The Gauntlet,group
/wiki/Cara_Zavaleta,c051,Cara,7,7. The Gauntlet,group
/wiki/Cara_Zavaleta,c051,Cara,7,7. The Gauntlet,group
/wiki/Coral_Smith,c067,Coral,7,7. The Gauntlet,group
/wiki/David_Broom,c080,David,7,7. The Gauntlet,group
/wiki/Elka_Walker,c095,Elka,7,7. The Gauntlet,group
/wiki/Irulan_Wilson,c124,Irulian,7,7. The Gauntlet,group
/wiki/Katie_Cooley,c169,Katie,7,7. The Gauntlet,group
/wiki/Katie_Cooley,c169,Katie,7,7. The Gauntlet,group
/wiki/Laterrian_Wallace,c182,Laterrian,7,7. The Gauntlet,group
/wiki/Matt_Smith,c201,Matt,7,7. The Gauntlet,group
/wiki/Mike_Mizanin,c211,Mike,7,7. The Gauntlet,group
/wiki/Montana_McGlynn,c214,Montana,7,7. The Gauntlet,group
/wiki/Rachel_Robinson,c243,Rachel,7,7. The Gauntlet,group
/wiki/Rachel_Braband,c241,Rachel B.,7,7. The Gauntlet,group
/wiki/Sarah_Greyson,c257,Sarah,7,7. The Gauntlet,group
/wiki/Sarah_Greyson,c257,Sarah,7,7. The Gauntlet,group
/wiki/Sarah_Greyson,c257,Sarah,7,7. The Gauntlet,group
/wiki/Sarah_Greyson,c257,Sarah,7,7. The Gauntlet,group
/wiki/Sarah_Greyson,c257,Sarah,7,7. The Gauntlet,group
/wiki/Steve_Meinke,c270,Steve,7,7. The Gauntlet,group
/wiki/Steve_Meinke,c270,Steve,7,7. The Gauntlet,group
/wiki/Theo_Gantt,c279,Theo G.,7,7. The Gauntlet,group
/wiki/Tina_Bridges,c285,Tina,7,7. The Gauntlet,group
/wiki/Tonya_Cooley,c288,Tonya,7,7. The Gauntlet,group
/wiki/Trishelle_Cannatella,c293,Trishelle,7,7. The Gauntlet,group
/wiki/Trishelle_Cannatella,c293,Trishelle,7,7. The Gauntlet,group
/wiki/Christena_Pyle,c061,Christena,8,8. The Inferno,group
/wiki/Coral_Smith,c067,Coral,8,8. The Inferno,group
/wiki/David_Burns,c081,David,8,8. The Inferno,group
/wiki/David_Burns,c081,David,8,8. The Inferno,group
/wiki/Holly_Shand,c119,Holy,8,8. The Inferno,group
/wiki/Jeremy_Blossom,c142,Jeremy,8,8. The Inferno,group
/wiki/Jeremy_Blossom,c142,Jeremy,8,8. The Inferno,group
/wiki/Julie_Stoffer,c164,Julia,8,8. The Inferno,group
/wiki/Mallory_Snyder,c196,Mallory,8,8. The Inferno,group
/wiki/Mike_Mizanin,c211,Mike,8,8. The Inferno,group
/wiki/Shane_Raines,c262,Shane,8,8. The Inferno,group
/wiki/Syrus_Yarbrough,c276,Syrus,8,8. The Inferno,group
/wiki/Timmy_Beggy,c284,Timmy,8,8. The Inferno,group
/wiki/Trishelle_Cannatella,c293,Trishelle,8,8. The Inferno,group
/wiki/Veronica_Portillo,c299,Veronica,8,8. The Inferno,group
/wiki/Veronica_Portillo,c299,Veronica,8,8. The Inferno,group
/wiki/Abram_Boise,c001,Abram,10,10. The Inferno II,group
/wiki/Dan_Renzi,c072,Dan,10,10. The Inferno II,group
/wiki/Dan_Renzi,c072,Dan,10,10. The Inferno II,group
/wiki/Jodi_Weatherton,c150,Jodi,10,10. The Inferno II,group
/wiki/Julie_Stoffer,c164,Julie,10,10. The Inferno II,group
/wiki/Karamo_Brown,c167,Karamo,10,10. The Inferno II,group
/wiki/Landon_Lueck,c180,Landon,10,10. The Inferno II,group
/wiki/Mike_Mizanin,c211,Mike,10,10. The Inferno II,group
/wiki/Mike_Mizanin,c211,Mike,10,10. The Inferno II,group
/wiki/Mike_Mizanin,c211,Mike,10,10. The Inferno II,group
/wiki/Rachel_Robinson,c243,Robin,10,10. The Inferno II,group
/wiki/Shavonda_Billingslea,c264,Shavonda,10,10. The Inferno II,group
/wiki/Tina_Bridges,c285,Tina,10,10. The Inferno II,group
/wiki/Tonya_Cooley,c288,Tonya,10,10. The Inferno II,group
/wiki/Tonya_Cooley,c288,Tonya,10,10. The Inferno II,group
/wiki/Veronica_Portillo,c299,Veronica,10,10. The Inferno II,group
/wiki/Ace_Amerson,c002,Ace,11,11. The Gauntlet 2,group
/wiki/Adam_King,c003,Adam K.,11,11. The Gauntlet 2,group
/wiki/Aneesa_Ferreira,c016,Aneesa,11,11. The Gauntlet 2,group
/wiki/Beth_Stolarczyk,c034,Beth,11,11. The Gauntlet 2,group
/wiki/Brad_Fiorenza,c036,Brad,11,11. The Gauntlet 2,group
/wiki/Cameran_Eubanks,c048,Cameran,11,11. The Gauntlet 2,group
/wiki/Cara_Zavaleta,c051,Cara,11,11. The Gauntlet 2,group
/wiki/Danny_Dias,c075,Danny,11,11. The Gauntlet 2,group
/wiki/Derrick_Kosinski,c087,Derrick,11,11. The Gauntlet 2,group
/wiki/Jeremy_Blossom,c142,Jeremy,11,11. The Gauntlet 2,group
/wiki/Jillian_Zoboroski,c146,Jillian,11,11. The Gauntlet 2,group
/wiki/Jisela_Delgado,c147,Jisela,11,11. The Gauntlet 2,group
/wiki/Montana_McGlynn,c214,Montana,11,11. The Gauntlet 2,group
/wiki/Syrus_Yarbrough,c276,Syrus,11,11. The Gauntlet 2,group
/wiki/Timmy_Beggy,c284,Timmy,11,11. The Gauntlet 2,group
/wiki/Aviv_Melmed,c029,Aviv,12,12. Fresh Meat,group
/wiki/Aviv_Melmed,c029,Aviv,12,12. Fresh Meat,winner pick
/wiki/Casey_Cooper,c053,Casey,12,12. Fresh Meat,group
/wiki/Casey_Cooper,c053,Casey,12,12. Fresh Meat,group
/wiki/Casey_Cooper,c053,Casey,12,12. Fresh Meat,winner pick
/wiki/Casey_Cooper,c053,Casey,12,12. Fresh Meat,winner pick
/wiki/Casey_Cooper,c053,Casey,12,12. Fresh Meat,winner pick
/wiki/Chanda_Sneed,c054,Chanda,12,12. Fresh Meat,winner pick
/wiki/Danny_Jamieson,c076,Danny,12,12. Fresh Meat,group
/wiki/Darrell_Taylor,c078,Darrell,12,12. Fresh Meat,group
/wiki/Darrell_Taylor,c078,Darrell,12,12. Fresh Meat,winner pick
/wiki/Derrick_Kosinski,c087,Derrick,12,12. Fresh Meat,winner pick
/wiki/Diem_Brown,c090,Diem,12,12. Fresh Meat,winner pick
/wiki/Eric_Banks,c101,Eric,12,12. Fresh Meat,winner pick
/wiki/Evelyn_Smith,c106,Evelyn,12,12. Fresh Meat,group
/wiki/Jesse_Stark,c143,Jessie,12,12. Fresh Meat,group
/wiki/Johanna_Botta,c151,Johanna,12,12. Fresh Meat,group
/wiki/Johnnie_McBride,c153,Johnnie,12,12. Fresh Meat,group
/wiki/Katie_Cooley,c169,Katie,12,12. Fresh Meat,winner pick
/wiki/Kenny_Santucci,c175,Kenny,12,12. Fresh Meat,group
/wiki/Kenny_Santucci,c175,Kenny,12,12. Fresh Meat,winner pick
/wiki/Linette_Gallo,c189,Linette,12,12. Fresh Meat,winner pick
/wiki/Melinda_Collins,c205,Melinda,12,12. Fresh Meat,winner pick
/wiki/Ryan_Kehoe,c253,Ryan,12,12. Fresh Meat,winner pick
/wiki/Shane_Raines,c262,Shane,12,12. Fresh Meat,winner pick
/wiki/Theo_von_Kurnatowski,c281,Theo,12,12. Fresh Meat,winner pick
/wiki/Tina_Bridges,c285,Tina,12,12. Fresh Meat,group
/wiki/Tina_Bridges,c285,Tina,12,12. Fresh Meat,winner pick
/wiki/Tonya_Cooley,c288,Tonya,12,12. Fresh Meat,group
/wiki/Wes_Bergmann,c303,Wes,12,12. Fresh Meat,group
/wiki/Wes_Bergmann,c303,Wes,12,12. Fresh Meat,group
/wiki/Wes_Bergmann,c303,Wes,12,12. Fresh Meat,winner pick
/wiki/Wes_Bergmann,c303,Wes,12,12. Fresh Meat,winner pick
/wiki/Wes_Bergmann,c303,Wes,12,12. Fresh Meat,winner pick
/wiki/Aneesa_Ferreira,c016,Aneesa,13,13. The Duel,group
/wiki/Aneesa_Ferreira,c016,Aneesa,13,13. The Duel,group
/wiki/Aneesa_Ferreira,c016,Aneesa,13,13. The Duel,callout
/wiki/Beth_Stolarczyk,c034,Beth,13,13. The Duel,callout
/wiki/Brad_Fiorenza,c036,Brad,13,13. The Duel,callout
/wiki/Casey_Cooper,c053,Casey,13,13. The Duel,group
/wiki/Chris_Tamburello,c059,CT,13,13. The Duel,callout
/wiki/Derrick_Kosinski,c087,Derrick,13,13. The Duel,callout
/wiki/Derrick_Kosinski,c087,Derrick,13,13. The Duel,callout
/wiki/Diem_Brown,c090,Diem,13,13. The Duel,callout
/wiki/Eric_Banks,c101,Eric,13,13. The Duel,group
/wiki/Eric_Banks,c101,Eric,13,13. The Duel,group
/wiki/Evan_Starkman,c105,Evan,13,13. The Duel,group
/wiki/Johnny_Devenanzio,c154,John,13,13. The Duel,callout
/wiki/Kenny_Santucci,c175,Kenny,13,13. The Duel,callout
/wiki/Kina_Dean,c177,Kina,13,13. The Duel,callout
/wiki/Nehemiah_Clark,c225,Nehemiah,13,13. The Duel,group
/wiki/Nehemiah_Clark,c225,Nehemiah,13,13. The Duel,callout
/wiki/Paula_Meronek,c235,Paula,13,13. The Duel,group
/wiki/Robin_Hibbard,c249,Robin,13,13. The Duel,callout
/wiki/Robin_Hibbard,c249,Robin,13,13. The Duel,callout
/wiki/Svetlana_Shusterman,c273,Svetlana,13,13. The Duel,group
/wiki/Svetlana_Shusterman,c273,Svetlana,13,13. The Duel,group
/wiki/Tyler_Duckworth,c297,Tyler,13,13. The Duel,group
/wiki/Tyler_Duckworth,c297,Tyler,13,13. The Duel,group
/wiki/Wes_Bergmann,c303,Wes,13,13. The Duel,group
/wiki/Abram_Boise,c001,Abram,14,14. The Inferno 3,group
/wiki/Ace_Amerson,c002,Ace,14,14. The Inferno 3,group
/wiki/Aneesa_Ferreira,c016,Aneesa,14,14. The Inferno 3,group
/wiki/Danny_Jamieson,c076,Danny,14,14. The Inferno 3,group
/wiki/Davis_Mallory,c082,Davis,14,14. The Inferno 3,group
/wiki/Davis_Mallory,c082,Davis,14,14. The Inferno 3,group
/wiki/Jenn_Grijalva,c137,Jenn,14,14. The Inferno 3,group
/wiki/Jenn_Grijalva,c137,Jenn,14,14. The Inferno 3,group
/wiki/Jenn_Grijalva,c137,Jenn,14,14. The Inferno 3,group
/wiki/Kenny_Santucci,c175,Kenny,14,14. The Inferno 3,group
/wiki/Susie_Meister,c272,Susie,14,14. The Inferno 3,group
/wiki/Susie_Meister,c272,Susie,14,14. The Inferno 3,group
/wiki/Susie_Meister,c272,Susie,14,14. The Inferno 3,group
/wiki/Susie_Meister,c272,Susie,14,14. The Inferno 3,group
/wiki/Adam_King,c003,Alex,15,15. The Gauntlet III,group
/wiki/Angel_Turlington,c017,Angel,15,15. The Gauntlet III,group
/wiki/Beth_Stolarczyk,c034,Beth,15,15. The Gauntlet III,group
/wiki/Brooke_LaBarbera,c046,Brooke,15,15. The Gauntlet III,group
/wiki/Casey_Cooper,c053,Casey,15,15. The Gauntlet III,group
/wiki/Coral_Smith,c067,Coral,15,15. The Gauntlet III,group
/wiki/Danny_Jamieson,c076,Danny,15,15. The Gauntlet III,group
/wiki/Derek_McCray,c085,Derek,15,15. The Gauntlet III,group
/wiki/Evan_Starkman,c105,Evan,15,15. The Gauntlet III,group
/wiki/Evelyn_Smith,c106,Eveyln,15,15. The Gauntlet III,group
/wiki/Frank_Roessler,c109,Frank,15,15. The Gauntlet III,group
/wiki/Frank_Roessler,c109,Frank,15,15. The Gauntlet III,group
/wiki/Frank_Roessler,c109,Frank,15,15. The Gauntlet III,group
/wiki/Janelle_Casanave,c130,Janelle,15,15. The Gauntlet III,group
/wiki/Jillian_Zoboroski,c146,jillian,15,15. The Gauntlet III,group
/wiki/Jillian_Zoboroski,c146,Jillian,15,15. The Gauntlet III,group
/wiki/Jillian_Zoboroski,c146,Jillian,15,15. The Gauntlet III,group
/wiki/Johnny_Devenanzio,c154,Johnny,15,15. The Gauntlet III,group
/wiki/Katie_Cooley,c169,Katie,15,15. The Gauntlet III,group
/wiki/Melinda_Collins,c205,Melinda,15,15. The Gauntlet III,group
/wiki/MJ_Garrett,c213,MJ,15,15. The Gauntlet III,group
/wiki/Nehemiah_Clark,c225,Nehemiah,15,15. The Gauntlet III,group
/wiki/Nehemiah_Clark,c225,Nehemiah,15,15. The Gauntlet III,group
/wiki/Ryan_Kehoe,c253,Ryan,15,15. The Gauntlet III,group
/wiki/Ryan_Kehoe,c253,Ryan,15,15. The Gauntlet III,group
/wiki/Tori_Hall,c290,Tori,15,15. The Gauntlet III,group
/wiki/Tyler_Duckworth,c297,Tyler,15,15. The Gauntlet III,group
/wiki/Zach_Mann,c304,Zach,15,15. The Gauntlet III,group
/wiki/Aneesa_Ferreira,c016,Aneesa,17,17. The Duel II,group
/wiki/Aneesa_Ferreira,c016,Aneesa,17,17. The Duel II,callout
/wiki/Aneesa_Ferreira,c016,Aneesa,17,17. The Duel II,callout
/wiki/Brad_Fiorenza,c036,Brad,17,17. The Duel II,callout
/wiki/Brad_Fiorenza,c036,Brad,17,17. The Duel II,callout
/wiki/Brittini_Sherrod,c045,Brittini,17,17. The Duel II,callout
/wiki/Brittini_Sherrod,c045,Brittini,17,17. The Duel II,callout
/wiki/Brooke_LaBarbera,c046,Brooke,17,17. The Duel II,group
/wiki/Davis_Mallory,c082,Davis,17,17. The Duel II,group
/wiki/Derek_McCray,c085,Derek,17,17. The Duel II,group
/wiki/Derek_McCray,c085,Derek,17,17. The Duel II,group
/wiki/Diem_Brown,c090,Diem,17,17. The Duel II,group
/wiki/Diem_Brown,c090,Diem,17,17. The Duel II,callout
/wiki/Dunbar_Merrill,c091,Dunbar,17,17. The Duel II,group
/wiki/Eric_Banks,c101,Eric,17,17. The Duel II,callout
/wiki/Evan_Starkman,c105,Evan,17,17. The Duel II,callout
/wiki/Evan_Starkman,c105,Evan,17,17. The Duel II,callout
/wiki/Evan_Starkman,c105,Evan,17,17. The Duel II,callout
/wiki/Isaac_Stout,c125,Isaac,17,17. The Duel II,group
/wiki/Jenn_Grijalva,c137,Jenn,17,17. The Duel II,group
/wiki/Jenn_Grijalva,c137,Jenn,17,17. The Duel II,group
/wiki/Jenn_Grijalva,c137,Jenn,17,17. The Duel II,callout
/wiki/Katie_Cooley,c169,Katie,17,17. The Duel II,callout
/wiki/Kimberly_Alexander,c176,Kimberly,17,17. The Duel II,group
/wiki/Kimberly_Alexander,c176,Kimberly,17,17. The Duel II,callout
/wiki/Landon_Lueck,c180,Landon,17,17. The Duel II,group
/wiki/Landon_Lueck,c180,Landon,17,17. The Duel II,callout
/wiki/MJ_Garrett,c213,MJ,17,17. The Duel II,group
/wiki/MJ_Garrett,c213,MJ,17,17. The Duel II,group
/wiki/MJ_Garrett,c213,MJ,17,17. The Duel II,callout
/wiki/Nehemiah_Clark,c225,Nehimiah,17,17. The Duel II,group
/wiki/Nick_Brown,c228,Nick,17,17. The Duel II,callout
/wiki/Paula_Meronek,c235,Paula,17,17. The Duel II,group
/wiki/Robin_Hibbard,c249,Robin,17,17. The Duel II,group
/wiki/Ruthie_Alcaide,c252,Ruthie,17,17. The Duel II,group
/wiki/Ryan_Kehoe,c253,Ryan,17,17. The Duel II,group
/wiki/Ryan_Kehoe,c253,Ryan,17,17. The Duel II,callout
/wiki/Shauvon_Torres,c263,Shauvon,17,17. The Duel II,group
/wiki/Tori_Hall,c290,Tori,17,17. The Duel II,callout
/wiki/Adam_King,c003,Adam,18,18. The Ruins,group
/wiki/Brianna_Taylor,c042,Brianna,18,18. The Ruins,group
/wiki/Casey_Cooper,c053,Casey,18,18. The Ruins,group
/wiki/Chet_Cannon,c056,Chet,18,18. The Ruins,group
/wiki/Cohutta_Grindstaff,c065,Cohutta,18,18. The Ruins,group
/wiki/Cohutta_Grindstaff,c065,Cohutta,18,18. The Ruins,group
/wiki/Cohutta_Grindstaff,c065,Cohutta,18,18. The Ruins,group
/wiki/Danny_Jamieson,c076,Danny,18,18. The Ruins,group
/wiki/Darrell_Taylor,c078,Darrell,18,18. The Ruins,group
/wiki/Darrell_Taylor,c078,Darrell,18,18. The Ruins,group
/wiki/Diem_Brown,c090,Diem,18,18. The Ruins,group
/wiki/Dunbar_Merrill,c091,Dunbar,18,18. The Ruins,group
/wiki/Evelyn_Smith,c106,Evelyn,18,18. The Ruins,group
/wiki/Ibis_Nieves,c122,Ibis,18,18. The Ruins,group
/wiki/Johanna_Botta,c151,Johanna,18,18. The Ruins,group
/wiki/Johnny_Devenanzio,c154,Johnny,18,18. The Ruins,group
/wiki/Katie_Cooley,c169,Katie,18,18. The Ruins,group
/wiki/KellyAnne_Judd,c172,KellyAnne,18,18. The Ruins,group
/wiki/KellyAnne_Judd,c172,KellyAnne,18,18. The Ruins,group
/wiki/Kimberly_Alexander,c176,Kimberly,18,18. The Ruins,group
/wiki/Kimberly_Alexander,c176,Kimberly,18,18. The Ruins,group
/wiki/Nick_Brown,c228,Nick,18,18. The Ruins,group
/wiki/Sarah_Rice,c258,Sarah,18,18. The Ruins,group
/wiki/Sarah_Rice,c258,Sarah,18,18. The Ruins,group
/wiki/Susie_Meister,c272,Susie,18,18. The Ruins,group
/wiki/Susie_Meister,c272,Susie,18,18. The Ruins,group
/wiki/Susie_Meister,c272,Syrus,18,18. The Ruins,group
/wiki/Syrus_Yarbrough,c276,Syrus,18,18. The Ruins,group
/wiki/Tonya_Cooley,c288,Tonya,18,18. The Ruins,group
/wiki/Veronica_Portillo,c299,Veronica,18,18. The Ruins,group
/wiki/Wes_Bergmann,c303,Wes,18,18. The Ruins,group
/wiki/Wes_Bergmann,c303,Wes,18,18. The Ruins,group
/wiki/Wes_Bergmann,c303,Wes,18,18. The Ruins,group
/wiki/Brandon_Nelson,c037,Brandon,19,19. Fresh Meat II,group
/wiki/Cara_Maria_Sorbello,c050,Cara Maria,19,19. Fresh Meat II,winner pick
/wiki/Carley_Johnson,c052,Carley,19,19. Fresh Meat II,group
/wiki/Carley_Johnson,c052,Carley,19,19. Fresh Meat II,winner pick
/wiki/CJ_Koegel,c064,CJ,19,19. Fresh Meat II,group
/wiki/CJ_Koegel,c064,CJ,19,19. Fresh Meat II,winner pick
/wiki/Danny_Jamieson,c076,Danny,19,19. Fresh Meat II,winner pick
/wiki/Darrell_Taylor,c078,Darrell,19,19. Fresh Meat II,winner pick
/wiki/Evelyn_Smith,c106,Evelyn,19,19. Fresh Meat II,group
/wiki/Evelyn_Smith,c106,Evelyn,19,19. Fresh Meat II,winner pick
/wiki/Evelyn_Smith,c106,Evelyn,19,19. Fresh Meat II,winner pick
/wiki/Jeff_Barr,c135,Jeff,19,19. Fresh Meat II,group
/wiki/Jillian_Zoboroski,c146,Jillian,19,19. Fresh Meat II,group
/wiki/Jillian_Zoboroski,c146,Jillian,19,19. Fresh Meat II,group
/wiki/Katelynn_Cusanelli,c168,Katelynn,19,19. Fresh Meat II,group
/wiki/Kenny_Santucci,c175,Kenny,19,19. Fresh Meat II,winner pick
/wiki/Landon_Lueck,c180,Landon,19,19. Fresh Meat II,group
/wiki/Landon_Lueck,c180,Landon,19,19. Fresh Meat II,winner pick
/wiki/Laurel_Stucky,c185,Laurel,19,19. Fresh Meat II,winner pick
/wiki/Luke_Wolfe,c195,Luke,19,19. Fresh Meat II,group
/wiki/Luke_Wolfe,c195,Luke,19,19. Fresh Meat II,winner pick
/wiki/Luke_Wolfe,c195,Luke,19,19. Fresh Meat II,winner pick
/wiki/Mandi_Moyer,c197,Mandi,19,19. Fresh Meat II,winner pick
/wiki/Paula_Meronek,c235,Paula,19,19. Fresh Meat II,group
/wiki/Pete_Connolly,c237,Pete,19,19. Fresh Meat II,group
/wiki/Pete_Connolly,c237,Pete,19,19. Fresh Meat II,group
/wiki/Sandy_Kang,c256,Sandy,19,19. Fresh Meat II,winner pick
/wiki/Sarah_Rice,c258,Sarah,19,19. Fresh Meat II,group
/wiki/Sydney_Walker,c274,Sydney,19,19. Fresh Meat II,group
/wiki/Theresa_Jones,c282,Sydney,19,19. Fresh Meat II,winner pick
/wiki/Vinny_Foti,c302,Vinny,19,19. Fresh Meat II,group
/wiki/Wes_Bergmann,c303,Wes,19,19. Fresh Meat II,winner pick
/wiki/Abram_Boise,c001,Ayiiia,20,20. Cutthroat,group
/wiki/Brandon_Nelson,c037,Brandon,20,20. Cutthroat,group
/wiki/Brandon_Nelson,c037,Brandon,20,20. Cutthroat,group
/wiki/Brandon_Nelson,c037,Brandon,20,20. Cutthroat,group
/wiki/Camila_Nakagawa,c049,Brandon,20,20. Cutthroat,group
/wiki/Camila_Nakagawa,c049,Camila,20,20. Cutthroat,group
/wiki/Camila_Nakagawa,c049,Camila,20,20. Cutthroat,group
/wiki/Camila_Nakagawa,c049,Camila,20,20. Cutthroat,group
/wiki/Cara_Maria_Sorbello,c050,Cara Maria,20,20. Cutthroat,group
/wiki/Dan_Walsh,c074,Dan,20,20. Cutthroat,group
/wiki/Dan_Walsh,c074,Derek,20,20. Cutthroat,group
/wiki/Derrick_Kosinski,c087,Derrick,20,20. Cutthroat,group
/wiki/Derrick_Kosinski,c087,Derrick,20,20. Cutthroat,group
/wiki/Dunbar_Merrill,c091,Dunbar,20,20. Cutthroat,group
/wiki/Emilee_Fitzpatrick,c097,Emilee,20,20. Cutthroat,group
/wiki/Emily_Schromm,c099,Emily,20,20. Cutthroat,group
/wiki/Emily_Schromm,c099,Emily,20,20. Cutthroat,group
/wiki/Eric_Banks,c101,Eric,20,20. Cutthroat,group
/wiki/Eric_Banks,c101,Eric,20,20. Cutthroat,group
/wiki/JD_Ordo%C3%B1ez,c134,JD,20,20. Cutthroat,group
/wiki/Johnny_Devenanzio,c154,Johnny,20,20. Cutthroat,group
/wiki/Katie_Cooley,c169,Katie,20,20. Cutthroat,group
/wiki/Katie_Cooley,c169,Katie,20,20. Cutthroat,group
/wiki/Katie_Cooley,c169,Katie,20,20. Cutthroat,group
/wiki/Laurel_Stucky,c185,Laurel,20,20. Cutthroat,group
/wiki/Luke_Wolfe,c195,Luke,20,20. Cutthroat,group
/wiki/Mandi_Moyer,c197,Mandi,20,20. Cutthroat,group
/wiki/Melinda_Collins,c205,Melinda,20,20. Cutthroat,group
/wiki/Paula_Meronek,c235,Paula,20,20. Cutthroat,group
/wiki/Paula_Meronek,c235,Paula,20,20. Cutthroat,group
/wiki/Shauvon_Torres,c263,Shauvon,20,20. Cutthroat,group
/wiki/Theresa_Jones,c282,Theresa,20,20. Cutthroat,group
/wiki/Tori_Hall,c290,Tori,20,20. Cutthroat,group
/wiki/Ty_Ruff,c296,Ty,20,20. Cutthroat,group
/wiki/Tyler_Duckworth,c297,Tyler,20,20. Cutthroat,group
/wiki/Tyler_Duckworth,c297,Tyler,20,20. Cutthroat,group
/wiki/Vinny_Foti,c302,Vinny,20,20. Cutthroat,group
/wiki/Adam_King,c003,Adam K.,21,21. Rivals,group
/wiki/Aneesa_Ferreira,c016,Aneesa,21,21. Rivals,group
/wiki/Brandon_Nelson,c037,Brandon,21,21. Rivals,group
/wiki/Camila_Nakagawa,c049,Camila,21,21. Rivals,group
/wiki/Chris_Tamburello,c059,CT,21,21. Rivals,group
/wiki/Davis_Mallory,c082,Davis,21,21. Rivals,group
/wiki/Jasmine_Reynaud,c131,Jasmine,21,21. Rivals,group
/wiki/Jasmine_Reynaud,c131,Jasmine,21,21. Rivals,group
/wiki/Johnny_Devenanzio,c154,Johnny,21,21. Rivals,group
/wiki/Jonna_Mannion,c157,Jonna,21,21. Rivals,group
/wiki/Jonna_Mannion,c157,Jonna,21,21. Rivals,group
/wiki/Robin_Hibbard,c249,Robin,21,21. Rivals,group
/wiki/Theresa_Jones,c282,Theresa,21,21. Rivals,group
/wiki/Tyler_Duckworth,c297,Tyler,21,21. Rivals,group
/wiki/Tyler_Duckworth,c297,Tyrie,21,21. Rivals,group
/wiki/Tyler_Duckworth,c297,Tyrie,21,21. Rivals,group
/wiki/Aneesa_Ferreira,c016,Aneesa,22,22. Battle of the Exes,winner pick
/wiki/Aneesa_Ferreira,c016,Aneesa,22,22. Battle of the Exes,winner pick
/wiki/Dunbar_Merrill,c091,Dunbar,22,22. Battle of the Exes,winner pick
/wiki/Emily_Schromm,c099,Emily,22,22. Battle of the Exes,winner pick
/wiki/Emily_Schromm,c099,Emily,22,22. Battle of the Exes,winner pick
/wiki/Mandi_Moyer,c197,Mandi,22,22. Battle of the Exes,winner pick
/wiki/Mandi_Moyer,c197,Mandi,22,22. Battle of the Exes,winner pick
/wiki/Mark_Long,c199,Mark,22,22. Battle of the Exes,winner pick
/wiki/Paula_Meronek,c235,Paula,22,22. Battle of the Exes,winner pick
/wiki/Rachel_Robinson,c243,Rachel,22,22. Battle of the Exes,winner pick
/wiki/Rachel_Robinson,c243,Rachel,22,22. Battle of the Exes,winner pick
/wiki/Robin_Hibbard,c249,Robin,22,22. Battle of the Exes,winner pick
/wiki/Ty_Ruff,c296,Ty,22,22. Battle of the Exes,winner pick
/wiki/Ty_Ruff,c296,Ty,22,22. Battle of the Exes,winner pick
/wiki/Wes_Bergmann,c303,Wes,22,22. Battle of the Exes,winner pick
/wiki/Wes_Bergmann,c303,Wes,22,22. Battle of the Exes,winner pick
/wiki/Alton_Williams,c010,Alton,23,23. Battle of the Seasons (2012),group
/wiki/Ashley_Kelsey,c026,Ashely,23,23. Battle of the Seasons (2012),group
/wiki/Camila_Nakagawa,c049,Camila,23,23. Battle of the Seasons (2012),group
/wiki/Camila_Nakagawa,c049,Camila,23,23. Battle of the Seasons (2012),group
/wiki/Chet_Cannon,c056,Chet,23,23. Battle of the Seasons (2012),group
/wiki/Chet_Cannon,c056,Chet,23,23. Battle of the Seasons (2012),group
/wiki/CJ_Koegel,c064,CJ,23,23. Battle of the Seasons (2012),group
/wiki/Dustin_Zito,c092,Dustin,23,23. Battle of the Seasons (2012),group
/wiki/Eric_Banks,c101,Eric,23,23. Battle of the Seasons (2012),group
/wiki/Eric_Banks,c101,Eric,23,23. Battle of the Seasons (2012),group
/wiki/Frank_Sweeney,c110,Frank,23,23. Battle of the Seasons (2012),group
/wiki/Jasmine_Reynaud,c131,Jasmine,23,23. Battle of the Seasons (2012),group
/wiki/Lacey_Buehler,c179,Lacey,23,23. Battle of the Seasons (2012),group
/wiki/Marie_Roda,c198,Marie,23,23. Battle of the Seasons (2012),group
/wiki/Nany_Gonz%C3%A1lez,c217,Nany,23,23. Battle of the Seasons (2012),group
/wiki/Nany_Gonz%C3%A1lez,c217,Nany,23,23. Battle of the Seasons (2012),group
/wiki/Robb_Schreiber,c248,Robb,23,23. Battle of the Seasons (2012),group
/wiki/Sam_McGinn,c255,Sam,23,23. Battle of the Seasons (2012),group
/wiki/Sarah_Rice,c258,Sarah,23,23. Battle of the Seasons (2012),group
/wiki/Sarah_Rice,c258,Sarah,23,23. Battle of the Seasons (2012),group
/wiki/Wes_Bergmann,c303,Wes,23,23. Battle of the Seasons (2012),group
/wiki/Zach_Nichols,c305,Zach,23,23. Battle of the Seasons (2012),group
/wiki/Camila_Nakagawa,c049,Camila,24,24. Rivals II,group
/wiki/Cara_Maria_Sorbello,c050,Cara Maria,24,24. Rivals II,group
/wiki/Cara_Maria_Sorbello,c050,Cara Maria,24,24. Rivals II,group
/wiki/Heather_Cooke,c117,Cooke,24,24. Rivals II,group
/wiki/Heather_Cooke,c117,Cooke,24,24. Rivals II,group
/wiki/Derek_Chavez,c084,Derek,24,24. Rivals II,group
/wiki/Derek_Chavez,c084,Derek,24,24. Rivals II,group
/wiki/Jasmine_Reynaud,c131,Jasmine,24,24. Rivals II,group
/wiki/Jemmye_Carroll,c136,Jemmye,24,24. Rivals II,group
/wiki/Jonna_Mannion,c157,Jonna,24,24. Rivals II,group
/wiki/Jordan_Wiseley,c158,Jordan,24,24. Rivals II,group
/wiki/Jordan_Wiseley,c158,Jordan,24,24. Rivals II,group
/wiki/Leroy_Garrett,c188,Leroy,24,24. Rivals II,group
/wiki/Marlon_Williams,c200,Marlon,24,24. Rivals II,group
/wiki/Marlon_Williams,c200,Marlon,24,24. Rivals II,group
/wiki/Nany_Gonz%C3%A1lez,c217,Nany,24,24. Rivals II,group
/wiki/Robb_Schreiber,c248,Robb,24,24. Rivals II,group
/wiki/Robb_Schreiber,c248,Robb,24,24. Rivals II,group
/wiki/Theresa_Jones,c282,Theresa,24,24. Rivals II,group
/wiki/Ty_Ruff,c296,Ty,24,24. Rivals II,group
/wiki/Aneesa_Ferreira,c016,Aneesa,25,25. Free Agents,group
/wiki/Aneesa_Ferreira,c016,Aneesa,25,25. Free Agents,group
/wiki/Johnny_Devenanzio,c154,Bananas,25,25. Free Agents,group
/wiki/Johnny_Devenanzio,c154,Bananas,25,25. Free Agents,group
/wiki/Brandon_Nelson,c037,Brandon,25,25. Free Agents,group
/wiki/Cara_Maria_Sorbello,c050,Cara Maria,25,25. Free Agents,group
/wiki/Chet_Cannon,c056,Chet,25,25. Free Agents,group
/wiki/Cohutta_Grindstaff,c065,Cohutta,25,25. Free Agents,group
/wiki/Chris_Tamburello,c059,CT,25,25. Free Agents,group
/wiki/Nia_Moore,c227,Nia,25,25. Free Agents,group
/wiki/Dustin_Zito,c092,Dustin,25,25. Free Agents,group
/wiki/Jessica_McCain,c144,Jessica,25,25. Free Agents,group
/wiki/Johnny_Reilly,c155,Johnny,25,25. Free Agents,group
/wiki/Jonna_Mannion,c157,Jonna,25,25. Free Agents,group
/wiki/LaToya_Jackson,c183,LaToya,25,25. Free Agents,group
/wiki/LaToya_Jackson,c183,LaToya,25,25. Free Agents,group
/wiki/Laurel_Stucky,c185,Laurel,25,25. Free Agents,group
/wiki/Preston_Roberson-Charles,c238,Preston,25,25. Free Agents,group
/wiki/Brandon_Swift,c038,Swift,25,25. Free Agents,group
/wiki/Theresa_Jones,c282,Theresa,25,25. Free Agents,group
/wiki/Adam_Kuhn,c004,Adam,26,26. Battle of the Exes II,winner pick
/wiki/Adam_Kuhn,c004,Adam,26,26. Battle of the Exes II,winner pick
/wiki/Averey_Tressler,c028,Averey,26,26. Battle of the Exes II,winner pick
/wiki/Johnny_Devenanzio,c154,Bananas,26,26. Battle of the Exes II,winner pick
/wiki/Johnny_Devenanzio,c154,Bananas,26,26. Battle of the Exes II,winner pick
/wiki/Brittany_Baldassari,c044,Brittany,26,26. Battle of the Exes II,winner pick
/wiki/Brittany_Baldassari,c044,Brittany,26,26. Battle of the Exes II,winner pick
/wiki/Dustin_Zito,c092,Dustin,26,26. Battle of the Exes II,winner pick
/wiki/Hailey_Chivers,c116,Hailey,26,26. Battle of the Exes II,winner pick
/wiki/Jessica_McCain,c144,Jessica,26,26. Battle of the Exes II,winner pick
/wiki/Johnny_Reilly,c155,Johnny,26,26. Battle of the Exes II,winner pick
/wiki/Jonna_Mannion,c157,Jonna,26,26. Battle of the Exes II,winner pick
/wiki/Leroy_Garrett,c188,Leroy,26,26. Battle of the Exes II,winner pick
/wiki/Leroy_Garrett,c188,Leroy,26,26. Battle of the Exes II,winner pick
/wiki/Nia_Moore,c227,Nia,26,26. Battle of the Exes II,winner pick
/wiki/Nany_Gonz%C3%A1lez,c217,Nany,26,26. Battle of the Exes II,winner pick
/wiki/Nany_Gonz%C3%A1lez,c217,Nany,26,26. Battle of the Exes II,winner pick
/wiki/Nia_Moore,c227,Nia,26,26. Battle of the Exes II,winner pick
/wiki/Thomas_Buell,c283,Thomas,26,26. Battle of the Exes II,winner pick
/wiki/Zach_Nichols,c305,Zach,26,26. Battle of the Exes II,winner pick
/wiki/Johnny_Devenanzio,c154,Bananas,27,27. Battle of the Bloodlines,winner pick
/wiki/Cara_Maria_Sorbello,c050,Cara Maria,27,27. Battle of the Bloodlines,winner pick
/wiki/Christina_LeBlanc,c062,Christina,27,27. Battle of the Bloodlines,winner pick
/wiki/Emily_Reese,c098,Emily,27,27. Battle of the Bloodlines,winner pick
/wiki/Jamie_Banks,c127,Jamie,27,27. Battle of the Bloodlines,group
/wiki/Jamie_Banks,c127,Jamie,27,27. Battle of the Bloodlines,winner pick
/wiki/Jenna_Compono,c139,Jenna,27,27. Battle of the Bloodlines,group
/wiki/Jenna_Compono,c139,Jenna,27,27. Battle of the Bloodlines,group
/wiki/KellyAnne_Judd,c172,KellyAnne,27,27. Battle of the Bloodlines,group
/wiki/KellyAnne_Judd,c172,KellyAnne,27,27. Battle of the Bloodlines,group
/wiki/Larissa_Nakagawa,c181,Larissa,27,27. Battle of the Bloodlines,group
/wiki/Mike_Boise,c210,Mike,27,27. Battle of the Bloodlines,group
/wiki/Mike_Boise,c210,Mike,27,27. Battle of the Bloodlines,group
/wiki/Mitch_Reid,c212,Mitch,27,27. Battle of the Bloodlines,group
/wiki/Nany_Gonz%C3%A1lez,c217,Nany,27,27. Battle of the Bloodlines,group
/wiki/Raphy_Medrano,c245,Raphy,27,27. Battle of the Bloodlines,group
/wiki/Stephen_Buell,c269,Stephen,27,27. Battle of the Bloodlines,winner pick
/wiki/Thomas_Buell,c283,Stephen,27,27. Battle of the Bloodlines,group
/wiki/Tony_Raines,c287,Thomas,27,27. Battle of the Bloodlines,winner pick
/wiki/Vince_Gliatta,c301,Vince,27,27. Battle of the Bloodlines,winner pick
/wiki/Amanda_Garcia,c011,Amanda,28,28. Rivals III,winner pick
/wiki/Amanda_Garcia,c011,Amanda,28,28. Rivals III,winner pick
/wiki/Ashley_Mitchell,c027,Ashley,28,28. Rivals III,winner pick
/wiki/Brandon_Tindel,c039,Brandon,28,28. Rivals III,winner pick
/wiki/Briana_LaCuesta,c040,Briana,28,28. Rivals III,winner pick
/wiki/Cheyenne_Floyd,c057,Cheyenne,28,28. Rivals III,winner pick
/wiki/Cheyenne_Floyd,c057,Cheyenne,28,28. Rivals III,winner pick
/wiki/Cheyenne_Floyd,c057,Cheyenne,28,28. Rivals III,winner pick
/wiki/Cheyenne_Floyd,c057,Cheyenne,28,28. Rivals III,winner pick
/wiki/Cheyenne_Floyd,c057,Cheyenne,28,28. Rivals III,winner pick
/wiki/Cheyenne_Floyd,c057,Cheyenne,28,28. Rivals III,winner pick
/wiki/Cory_Wharton,c069,Cory,28,28. Rivals III,winner pick
/wiki/Devin_Walker,c088,Devin,28,28. Rivals III,winner pick
/wiki/Devin_Walker,c088,Devin,28,28. Rivals III,winner pick
/wiki/Devin_Walker,c088,Devin,28,28. Rivals III,winner pick
/wiki/Devin_Walker,c088,Devin,28,28. Rivals III,winner pick
/wiki/Devin_Walker,c088,Devin,28,28. Rivals III,winner pick
/wiki/Devin_Walker,c088,Devin,28,28. Rivals III,winner pick
/wiki/Devin_Walker,c088,Jamie,28,28. Rivals III,winner pick
/wiki/KellyAnne_Judd,c172,KellyAnne,28,28. Rivals III,winner pick
/wiki/Nany_Gonz%C3%A1lez,c217,Nany,28,28. Rivals III,winner pick
/wiki/Nany_Gonz%C3%A1lez,c217,Nany,28,28. Rivals III,winner pick
/wiki/Nany_Gonz%C3%A1lez,c217,Nany,28,28. Rivals III,winner pick
/wiki/Nelson_Thomas,c226,Nelson,28,28. Rivals III,winner pick
/wiki/Nelson_Thomas,c226,Nelson,28,28. Rivals III,winner pick
/wiki/Simone_Kelly,c266,Simone,28,28. Rivals III,winner pick
/wiki/Simone_Kelly,c266,Simone,28,28. Rivals III,winner pick
/wiki/Thomas_Buell,c283,Thomas,28,28. Rivals III,winner pick
/wiki/Thomas_Buell,c283,Thomas,28,28. Rivals III,winner pick
/wiki/Wes_Bergmann,c303,Wes,28,28. Rivals III,winner pick
/wiki/Wes_Bergmann,c303,Wes,28,28. Rivals III,winner pick
/wiki/Wes_Bergmann,c303,Wes,28,28. Rivals III,winner pick
/wiki/Anika_Rashaun,c020,Anika,29,29. Invasion of the Champions,group
/wiki/Ashley_Kelsey,c026,Ashley K.,29,29. Invasion of the Champions,group
/wiki/Cory_Wharton,c069,Cory,29,29. Invasion of the Champions,group
/wiki/Dario_Medrano,c077,Dario,29,29. Invasion of the Champions,group
/wiki/Darrell_Taylor,c078,Darrell,29,29. Invasion of the Champions,group
/wiki/Kailah_Casillas,c165,Kailah,29,29. Invasion of the Champions,group
/wiki/Kailah_Casillas,c165,Kailah,29,29. Invasion of the Champions,group
/wiki/Shane_Raines,c262,Shane,29,29. Invasion of the Champions,group
/wiki/Sylvia_Elsrode,c275,Sylvia,29,29. Invasion of the Champions,group
/wiki/Sylvia_Elsrode,c275,Sylvia,29,29. Invasion of the Champions,group
/wiki/Tony_Raines,c287,tony,29,29. Invasion of the Champions,group
/wiki/Ammo_Hall,c014,Ammo,30,30. XXX: Dirty 30,group
/wiki/Ammo_Hall,c014,Ammo,30,30. XXX: Dirty 30,callout
/wiki/Aneesa_Ferreira,c016,Aneesa,30,30. XXX: Dirty 30,group
/wiki/Aneesa_Ferreira,c016,Aneesa,30,30. XXX: Dirty 30,callout
/wiki/Johnny_Devenanzio,c154,Bananas,30,30. XXX: Dirty 30,callout
/wiki/Briana_LaCuesta,c040,Briana,30,30. XXX: Dirty 30,group
/wiki/Britni_Thornton,c043,Britini,30,30. XXX: Dirty 30,callout
/wiki/Britni_Thornton,c043,Britini,30,30. XXX: Dirty 30,callout
/wiki/Britni_Thornton,c043,Britini,30,30. XXX: Dirty 30,callout
/wiki/Camila_Nakagawa,c049,Camila,30,30. XXX: Dirty 30,group
/wiki/Camila_Nakagawa,c049,Camila,30,30. XXX: Dirty 30,callout
/wiki/Cory_Wharton,c069,Cory,30,30. XXX: Dirty 30,group
/wiki/Cory_Wharton,c069,Cory,30,30. XXX: Dirty 30,group
/wiki/Dario_Medrano,c077,Dario,30,30. XXX: Dirty 30,group
/wiki/Derrick_Kosinski,c087,Derrick,30,30. XXX: Dirty 30,group
/wiki/Derrick_Henry,c086,Derrick H.,30,30. XXX: Dirty 30,callout
/wiki/Hunter_Barfield,c121,Hunter,30,30. XXX: Dirty 30,callout
/wiki/Hunter_Barfield,c121,Hunter,30,30. XXX: Dirty 30,callout
/wiki/Hunter_Barfield,c121,Hunter,30,30. XXX: Dirty 30,callout
/wiki/Jemmye_Carroll,c136,Jemmye,30,30. XXX: Dirty 30,group
/wiki/Jenna_Compono,c139,Jenna,30,30. XXX: Dirty 30,callout
/wiki/Jordan_Wiseley,c158,Jordon,30,30. XXX: Dirty 30,group
/wiki/Kailah_Casillas,c165,Kailah,30,30. XXX: Dirty 30,group
/wiki/Kailah_Casillas,c165,Kailah,30,30. XXX: Dirty 30,callout
/wiki/Leroy_Garrett,c188,Leroy,30,30. XXX: Dirty 30,group
/wiki/Marie_Roda,c198,Marie,30,30. XXX: Dirty 30,group
/wiki/Nelson_Thomas,c226,Nelson,30,30. XXX: Dirty 30,group
/wiki/Nicole_Ramos,c231,Nicole,30,30. XXX: Dirty 30,group
/wiki/Tony_Raines,c287,Tony,30,30. XXX: Dirty 30,callout
/wiki/Tony_Raines,c287,Tony,30,30. XXX: Dirty 30,callout
/wiki/Tori_Deal,c289,Tori,30,30. XXX: Dirty 30,callout
/wiki/Veronica_Portillo,c299,Veronica,30,30. XXX: Dirty 30,group
/wiki/Alicia_Wright,c009,Alicia,31,31. Vendettas,tribunal
/wiki/Johnny_Devenanzio,c154,Bananas,31,31. Vendettas,tribunal
/wiki/Britni_Thornton,c043,Britini,31,31. Vendettas,tribunal
/wiki/Cory_Wharton,c069,Cory,31,31. Vendettas,tribunal
/wiki/Kailah_Casillas,c165,Kailah,31,31. Vendettas,tribunal
/wiki/Kam_Williams,c166,Kam,31,31. Vendettas,tribunal
/wiki/Leroy_Garrett,c188,Leroy,31,31. Vendettas,tribunal
/wiki/Melissa_Reeves,c206,Melissa,31,31. Vendettas,tribunal
/wiki/Natalie_Negrotti,c221,Natalie,31,31. Vendettas,tribunal
/wiki/Nelson_Thomas,c226,Nelson,31,31. Vendettas,tribunal
/wiki/Shane_Raines,c262,Shane,31,31. Vendettas,tribunal
/wiki/Victor_Arroyo,c300,Victor,31,31. Vendettas,tribunal
/wiki/Amanda_Garcia,c011,Amanda,32,32. Final Reckoning,group
/wiki/Angela_Babicz,c018,Angela,32,32. Final Reckoning,group
/wiki/Johnny_Devenanzio,c154,Bananas,32,32. Final Reckoning,group
/wiki/Johnny_Devenanzio,c154,Bananas,32,32. Final Reckoning,group
/wiki/Brad_Fiorenza,c036,Brad,32,32. Final Reckoning,callout
/wiki/Cara_Maria_Sorbello,c050,Cara Maria,32,32. Final Reckoning,group
/wiki/Da%27Vonne_Rogers,c071,Da'Vonne,32,32. Final Reckoning,group
/wiki/Da%27Vonne_Rogers,c071,Da'Vonne,32,32. Final Reckoning,callout
/wiki/Derrick_Henry,c086,Derrick,32,32. Final Reckoning,group
/wiki/Faith_Stowers,c107,Faith,32,32. Final Reckoning,group
/wiki/Joss_Mooney,c161,Joss,32,32. Final Reckoning,callout
/wiki/Joss_Mooney,c161,Joss,32,32. Final Reckoning,callout
/wiki/Jozea_Flores,c162,Jozea,32,32. Final Reckoning,group
/wiki/Jozea_Flores,c162,Jozea,32,32. Final Reckoning,callout
/wiki/Kam_Williams,c166,Kam,32,32. Final Reckoning,callout
/wiki/Kam_Williams,c166,Kam,32,32. Final Reckoning,callout
/wiki/Kayleigh_Morris,c171,Kayleigh,32,32. Final Reckoning,callout
/wiki/Kayleigh_Morris,c171,Kayleigh,32,32. Final Reckoning,callout
/wiki/Kyle_Christie,c178,Kyle,32,32. Final Reckoning,callout
/wiki/Marie_Roda,c198,Marie,32,32. Final Reckoning,group
/wiki/Natalie_Negrotti,c221,Natalie,32,32. Final Reckoning,group
/wiki/Natalie_Negrotti,c221,Natalie,32,32. Final Reckoning,callout
/wiki/Nelson_Thomas,c226,Nelson,32,32. Final Reckoning,group
/wiki/Nelson_Thomas,c226,Nelson,32,32. Final Reckoning,callout
/wiki/Paulie_Calafiore,c236,Paulie,32,32. Final Reckoning,group
/wiki/Paulie_Calafiore,c236,Paulie,32,32. Final Reckoning,callout
/wiki/Shane_Raines,c262,Shane,32,32. Final Reckoning,group
/wiki/Shane_Raines,c262,Shane,32,32. Final Reckoning,callout
/wiki/Sylvia_Elsrode,c275,Sylvia,32,32. Final Reckoning,callout
/wiki/Sylvia_Elsrode,c275,Sylvia,32,32. Final Reckoning,callout
/wiki/Tony_Raines,c287,Tony,32,32. Final Reckoning,group
/wiki/Tony_Raines,c287,Tony,32,32. Final Reckoning,group
/wiki/Tori_Deal,c289,Tori,32,32. Final Reckoning,group
/wiki/Zach_Nichols,c305,Zach,32,32. Final Reckoning,group
/wiki/Amanda_Garcia,c011,Amanda,33,33. War of the Worlds,tribunal
/wiki/Ashley_Cain,c025,Ashley C.,33,33. War of the Worlds,callout
/wiki/Ashley_Cain,c025,Ashley C.,33,33. War of the Worlds,callout
/wiki/Ashley_Mitchell,c027,Ashley M.,33,33. War of the Worlds,callout
/wiki/Johnny_Devenanzio,c154,Bananas,33,33. War of the Worlds,tribunal
/wiki/Stephen_Bear,c268,Bear,33,33. War of the Worlds,tribunal
/wiki/Stephen_Bear,c268,Bear,33,33. War of the Worlds,tribunal
/wiki/Stephen_Bear,c268,Bear,33,33. War of the Worlds,callout
/wiki/Chase_McNary,c055,Chase,33,33. War of the Worlds,callout
/wiki/Chris_Tamburello,c059,CT,33,33. War of the Worlds,callout
/wiki/Da%27Vonne_Rogers,c071,Da'Vonne,33,33. War of the Worlds,tribunal
/wiki/Da%27Vonne_Rogers,c071,Da'Vonne,33,33. War of the Worlds,tribunal
/wiki/Da%27Vonne_Rogers,c071,Da'Vonne,33,33. War of the Worlds,callout
/wiki/Dee_Nguyen,c083,Dee,33,33. War of the Worlds,tribunal
/wiki/Dee_Nguyen,c083,Dee,33,33. War of the Worlds,callout
/wiki/Georgia_Harrison,c114,Georgia,33,33. War of the Worlds,tribunal
/wiki/Georgia_Harrison,c114,Georgia,33,33. War of the Worlds,tribunal
/wiki/Gus_Smyrnios,c115,Gus,33,33. War of the Worlds,callout
/wiki/Hunter_Barfield,c121,Hunter,33,33. War of the Worlds,tribunal
/wiki/Jenna_Compono,c139,Jeena,33,33. War of the Worlds,callout
/wiki/Josh_Martinez,c160,Josh,33,33. War of the Worlds,tribunal
/wiki/Jo%C3%A3o_Paulo_Andrade,c149,JP,33,33. War of the Worlds,callout
/wiki/Julia_Nolan,c163,Julia,33,33. War of the Worlds,callout
/wiki/Kam_Williams,c166,Kam,33,33. War of the Worlds,callout
/wiki/Kam_Williams,c166,Kam,33,33. War of the Worlds,callout
/wiki/Kyle_Christie,c178,Kyle,33,33. War of the Worlds,tribunal
/wiki/Kyle_Christie,c178,Kyle,33,33. War of the Worlds,tribunal
/wiki/Kyle_Christie,c178,Kyle,33,33. War of the Worlds,tribunal
/wiki/Leroy_Garrett,c188,Leroy,33,33. War of the Worlds,callout
/wiki/Mattie_Lynn_Breaux,c202,Mattie,33,33. War of the Worlds,tribunal
/wiki/Morgan_Willett,c215,Morgan,33,33. War of the Worlds,tribunal
/wiki/Nany_Gonz%C3%A1lez,c217,Nany,33,33. War of the Worlds,callout
/wiki/Natalie_Duran,c220,Natalie D.,33,33. War of the Worlds,tribunal
/wiki/Natalie_Negrotti,c221,Natalie N.,33,33. War of the Worlds,callout
/wiki/Paulie_Calafiore,c236,Paulie,33,33. War of the Worlds,tribunal
/wiki/Shaleen_Sutherland,c260,Shaleen,33,33. War of the Worlds,callout
/wiki/Theo_Campbell,c278,Theo,33,33. War of the Worlds,callout
/wiki/Wes_Bergmann,c303,Wes,33,33. War of the Worlds,callout
/wiki/Zach_Nichols,c305,Zach,33,33. War of the Worlds,tribunal
/wiki/Zach_Nichols,c305,Zach,33,33. War of the Worlds,callout
/wiki/Zahida_Allen,c306,Zahida,33,33. War of the Worlds,tribunal
/wiki/Zahida_Allen,c306,Zahida,33,33. War of the Worlds,callout
/wiki/Ashley_Mitchell,c027,Ashley,34,34. War of the Worlds 2,tribunal
/wiki/Johnny_Devenanzio,c154,Bananas,34,34. War of the Worlds 2,tribunal
/wiki/Stephen_Bear,c268,Bear,34,34. War of the Worlds 2,group
/wiki/Stephen_Bear,c268,Bear,34,34. War of the Worlds 2,group
/wiki/Tula_Fazakerley,c294,Big T,34,34. War of the Worlds 2,group
/wiki/Esther_Falana,c104,Esther,34,34. War of the Worlds 2,group
/wiki/Georgia_Harrison,c114,Georgia,34,34. War of the Worlds 2,tribunal
/wiki/Georgia_Harrison,c114,Georgia,34,34. War of the Worlds 2,tribunal
/wiki/Georgia_Harrison,c114,Georgia,34,34. War of the Worlds 2,tribunal
/wiki/Idris_Virgo,c123,Idris,34,34. War of the Worlds 2,group
/wiki/Idris_Virgo,c123,Idris,34,34. War of the Worlds 2,tribunal
/wiki/Jenny_West,c140,Jenny,34,34. War of the Worlds 2,tribunal
/wiki/Jenny_West,c140,Jenny,34,34. War of the Worlds 2,tribunal
/wiki/Jordan_Wiseley,c158,Jordan,34,34. War of the Worlds 2,tribunal
/wiki/Jordan_Wiseley,c158,Jordan,34,34. War of the Worlds 2,tribunal
/wiki/Josh_Martinez,c160,Josh,34,34. War of the Worlds 2,tribunal
/wiki/Joss_Mooney,c161,Joss,34,34. War of the Worlds 2,tribunal
/wiki/Kyle_Christie,c178,Kyle,34,34. War of the Worlds 2,group
/wiki/Laurel_Stucky,c185,Laurel,34,34. War of the Worlds 2,tribunal
/wiki/Nany_Gonz%C3%A1lez,c217,Nany,34,34. War of the Worlds 2,tribunal
/wiki/Nicole_Bass,c230,Nicole,34,34. War of the Worlds 2,group
/wiki/Natalie_Duran,c220,Ninja,34,34. War of the Worlds 2,group
/wiki/Sean_Lineker,c259,Sean,34,34. War of the Worlds 2,group
/wiki/Theo_Campbell,c278,Theo,34,34. War of the Worlds 2,group
/wiki/Theo_Campbell,c278,Theo,34,34. War of the Worlds 2,group
/wiki/Theo_Campbell,c278,Theo,34,34. War of the Worlds 2,tribunal
/wiki/Theo_Campbell,c278,Theo,34,34. War of the Worlds 2,tribunal
/wiki/Tori_Deal,c289,tori,34,34. War of the Worlds 2,group
/wiki/Tori_Deal,c289,Tori,34,34. War of the Worlds 2,group
/wiki/Wes_Bergmann,c303,Wes,34,34. War of the Worlds 2,tribunal
/wiki/Aneesa_Ferreira,c016,Aneesa,35,35. Total Madness,group
/wiki/Aneesa_Ferreira,c016,Aneesa,35,35. Total Madness,tribunal
/wiki/Asaf_Goren,c024,Asaf,35,35. Total Madness,group
/wiki/Ashley_Mitchell,c027,Ashley,35,35. Total Madness,group
/wiki/Johnny_Devenanzio,c154,Bananas,35,35. Total Madness,group
/wiki/Bayleigh_Dayton,c032,Bayleigh,35,35. Total Madness,group
/wiki/Stephen_Bear,c268,Bear,35,35. Total Madness,tribunal
/wiki/Cory_Wharton,c069,Cory,35,35. Total Madness,group
/wiki/Dee_Nguyen,c083,Dee,35,35. Total Madness,tribunal
/wiki/Dee_Nguyen,c083,Dee,35,35. Total Madness,tribunal
/wiki/Dee_Nguyen,c083,Dee,35,35. Total Madness,tribunal
/wiki/Fessy_Shafaat,c108,Fessy,35,35. Total Madness,group
/wiki/Jay_Starrett,c133,Jay,35,35. Total Madness,group
/wiki/Jay_Starrett,c133,Jay,35,35. Total Madness,group
/wiki/Jay_Starrett,c133,Jay,35,35. Total Madness,tribunal
/wiki/Jenn_Lee,c138,Jenn,35,35. Total Madness,group
/wiki/Jenna_Compono,c139,Jenna,35,35. Total Madness,tribunal
/wiki/Jenny_West,c140,Jenny,35,35. Total Madness,group
/wiki/Jenny_West,c140,Jenny,35,35. Total Madness,tribunal
/wiki/Jordan_Wiseley,c158,Jordan,35,35. Total Madness,tribunal
/wiki/Kailah_Casillas,c165,Kaliah,35,35. Total Madness,tribunal
/wiki/Kaycee_Clark,c170,Kaycee,35,35. Total Madness,group
/wiki/Kyle_Christie,c178,Kyle,35,35. Total Madness,group
/wiki/Mattie_Lynn_Breaux,c202,Mattie,35,35. Total Madness,group
/wiki/Melissa_Reeves,c206,Melissa,35,35. Total Madness,group
/wiki/Nelson_Thomas,c226,Nelson,35,35. Total Madness,group
/wiki/Nelson_Thomas,c226,Nelson,35,35. Total Madness,tribunal
/wiki/Rogan_O%27Connor,c250,Rogan,35,35. Total Madness,group
/wiki/Rogan_O%27Connor,c250,Rogan,35,35. Total Madness,tribunal
/wiki/Chris_Williams,c060,Swaggy C,35,35. Total Madness,tribunal
/wiki/Tori_Deal,c289,Tori,35,35. Total Madness,group
/wiki/Amber_Borzotra,c012,Amber B.,36,36. Double Agents,group
/wiki/Amber_Borzotra,c012,Amber B.,36,36. Double Agents,group
/wiki/Amber_Borzotra,c012,Amber B.,36,36. Double Agents,group
/wiki/Amber_Borzotra,c012,Amber B.,36,36. Double Agents,winner pick
/wiki/Amber_Borzotra,c012,Amber B.,36,36. Double Agents,winner pick
/wiki/Amber_Martinez,c013,Amber M.,36,36. Double Agents,group
/wiki/Amber_Martinez,c013,Amber M.,36,36. Double Agents,group
/wiki/Amber_Martinez,c013,Amber M.,36,36. Double Agents,group
/wiki/Aneesa_Ferreira,c016,Aneesa,36,36. Double Agents,group
/wiki/Aneesa_Ferreira,c016,Aneesa,36,36. Double Agents,winner pick
/wiki/Aneesa_Ferreira,c016,Aneesa,36,36. Double Agents,winner pick
/wiki/Ashley_Mitchell,c027,Ashley,36,36. Double Agents,group
/wiki/Ashley_Mitchell,c027,Ashley,36,36. Double Agents,group
/wiki/Tula_Fazakerley,c294,Big T,36,36. Double Agents,group
/wiki/Tula_Fazakerley,c294,Big T,36,36. Double Agents,group
/wiki/Tula_Fazakerley,c294,Big T,36,36. Double Agents,winner pick
/wiki/Tula_Fazakerley,c294,Big T,36,36. Double Agents,winner pick
/wiki/Cory_Wharton,c069,Cory,36,36. Double Agents,group
/wiki/Cory_Wharton,c069,Cory,36,36. Double Agents,group
/wiki/Cory_Wharton,c069,Cory,36,36. Double Agents,group
/wiki/Cory_Wharton,c069,Cory,36,36. Double Agents,group
/wiki/Cory_Wharton,c069,Cory,36,36. Double Agents,winner pick
/wiki/Chris_Tamburello,c059,CT,36,36. Double Agents,group
/wiki/Chris_Tamburello,c059,CT,36,36. Double Agents,group
/wiki/Chris_Tamburello,c059,CT,36,36. Double Agents,winner pick
/wiki/Darrell_Taylor,c078,Darrell,36,36. Double Agents,group
/wiki/Darrell_Taylor,c078,Darrell,36,36. Double Agents,winner pick
/wiki/Darrell_Taylor,c078,Darrell,36,36. Double Agents,winner pick
/wiki/Devin_Walker,c088,Devin,36,36. Double Agents,group
/wiki/Devin_Walker,c088,Devin,36,36. Double Agents,group
/wiki/Devin_Walker,c088,Devin,36,36. Double Agents,winner pick
/wiki/Fessy_Shafaat,c108,Fessy,36,36. Double Agents,group
/wiki/Fessy_Shafaat,c108,Fessy,36,36. Double Agents,winner pick
/wiki/Gabby_Allen,c111,Gabby,36,36. Double Agents,group
/wiki/Gabby_Allen,c111,Gabby,36,36. Double Agents,group
/wiki/Jay_Starrett,c133,Jay,36,36. Double Agents,group
/wiki/Joseph_Allen,c159,Joseph,36,36. Double Agents,group
/wiki/Josh_Martinez,c160,Josh,36,36. Double Agents,group
/wiki/Josh_Martinez,c160,Josh,36,36. Double Agents,winner pick
/wiki/Kam_Williams,c166,Kam,36,36. Double Agents,winner pick
/wiki/Kaycee_Clark,c170,Kaycee,36,36. Double Agents,winner pick
/wiki/Kyle_Christie,c178,Kyle,36,36. Double Agents,group
/wiki/Kyle_Christie,c178,Kyle,36,36. Double Agents,winner pick
/wiki/Kyle_Christie,c178,Kyle,36,36. Double Agents,winner pick
/wiki/Kyle_Christie,c178,Kyle,36,36. Double Agents,winner pick
/wiki/Kyle_Christie,c178,Kyle,36,36. Double Agents,winner pick
/wiki/Kyle_Christie,c178,Kyle,36,36. Double Agents,winner pick
/wiki/Leroy_Garrett,c188,Leroy,36,36. Double Agents,winner pick
/wiki/Mechie_Harris,c204,Mechie,36,36. Double Agents,group
/wiki/Nany_Gonz%C3%A1lez,c217,Nany,36,36. Double Agents,group
/wiki/Nany_Gonz%C3%A1lez,c217,Nany,36,36. Double Agents,winner pick
/wiki/Nany_Gonz%C3%A1lez,c217,Nany,36,36. Double Agents,winner pick
/wiki/Nany_Gonz%C3%A1lez,c217,Nany,36,36. Double Agents,winner pick
/wiki/Nany_Gonz%C3%A1lez,c217,Nany,36,36. Double Agents,winner pick
/wiki/Natalie_Anderson,c219,Natalie,36,36. Double Agents,winner pick
/wiki/Natalie_Anderson,c219,Natalie,36,36. Double Agents,winner pick
/wiki/Nelson_Thomas,c226,Nelson,36,36. Double Agents,group
/wiki/Nicole_Zanatta,c232,Nicole,36,36. Double Agents,group
/wiki/Theresa_Jones,c282,Theresa,36,36. Double Agents,group
/wiki/Theresa_Jones,c282,theresa,36,36. Double Agents,group
/wiki/Tori_Deal,c289,Tori,36,36. Double Agents,winner pick
/wiki/Wes_Bergmann,c303,Wes,36,36. Double Agents,winner pick
/wiki/Wes_Bergmann,c303,Wes,36,36. Double Agents,winner pick
/wiki/Amanda_Garcia,c011,Amanda,37,"37. Spies, Lies & Allies",tribunal
/wiki/Amanda_Garcia,c011,Amanda,37,"37. Spies, Lies & Allies",group
/wiki/Amber_Borzotra,c012,Amber,37,"37. Spies, Lies & Allies",tribunal
/wiki/Amber_Borzotra,c012,Amber,37,"37. Spies, Lies & Allies",tribunal
/wiki/Aneesa_Ferreira,c016,Aneesa,37,"37. Spies, Lies & Allies",group
/wiki/Ashley_Mitchell,c027,Ashley,37,"37. Spies, Lies & Allies",callout
/wiki/Berna_Canbeldek,c033,Berna,37,"37. Spies, Lies & Allies",group
/wiki/Berna_Canbeldek,c033,Berna,37,"37. Spies, Lies & Allies",tribunal
/wiki/Bettina_Buchanan,c035,Bettina,37,"37. Spies, Lies & Allies",group
/wiki/Bettina_Buchanan,c035,Bettina,37,"37. Spies, Lies & Allies",callout
/wiki/Tula_Fazakerley,c294,Big T,37,"37. Spies, Lies & Allies",tribunal
/wiki/Tula_Fazakerley,c294,Big T,37,"37. Spies, Lies & Allies",callout
/wiki/Corey_Lay,c068,Corey L.,37,"37. Spies, Lies & Allies",group
/wiki/Corey_Lay,c068,Corey L.,37,"37. Spies, Lies & Allies",tribunal
/wiki/Corey_Lay,c068,Corey L.,37,"37. Spies, Lies & Allies",tribunal
/wiki/Cory_Wharton,c069,Cory,37,"37. Spies, Lies & Allies",group
/wiki/Cory_Wharton,c069,Cory,37,"37. Spies, Lies & Allies",tribunal
/wiki/Devin_Walker,c088,Devin,37,"37. Spies, Lies & Allies",callout
/wiki/Ed_Eason,c093,Ed,37,"37. Spies, Lies & Allies",tribunal
/wiki/Ed_Eason,c093,Ed,37,"37. Spies, Lies & Allies",tribunal
/wiki/Emanuel_Neagu,c096,Emanuel,37,"37. Spies, Lies & Allies",callout
/wiki/Emanuel_Neagu,c096,Emanuel,37,"37. Spies, Lies & Allies",group
/wiki/Emy_Alupei,c100,Emy,37,"37. Spies, Lies & Allies",tribunal
/wiki/Emy_Alupei,c100,Emy,37,"37. Spies, Lies & Allies",tribunal
/wiki/Emy_Alupei,c100,Emy,37,"37. Spies, Lies & Allies",tribunal
/wiki/Emy_Alupei,c100,Emy,37,"37. Spies, Lies & Allies",callout
/wiki/Esther_Agunbiade,c103,Esther,37,"37. Spies, Lies & Allies",group
/wiki/Fessy_Shafaat,c108,Fessy,37,"37. Spies, Lies & Allies",group
/wiki/Gabo_Szab%C3%B3,c112,Gabo,37,"37. Spies, Lies & Allies",tribunal
/wiki/Hughie_Maughan,c120,Hughie,37,"37. Spies, Lies & Allies",group
/wiki/Hughie_Maughan,c120,Hughie,37,"37. Spies, Lies & Allies",tribunal
/wiki/Jeremiah_White,c141,Jeremiah,37,"37. Spies, Lies & Allies",group
/wiki/Jeremiah_White,c141,Jeremiah,37,"37. Spies, Lies & Allies",tribunal
/wiki/Jeremiah_White,c141,Jeremiah,37,"37. Spies, Lies & Allies",tribunal
/wiki/Josh_Martinez,c160,Josh,37,"37. Spies, Lies & Allies",callout
/wiki/Kelz_Dyke,c173,Kelz,37,"37. Spies, Lies & Allies",group
/wiki/Kyle_Christie,c178,Kyle,37,"37. Spies, Lies & Allies",tribunal
/wiki/Kyle_Christie,c178,Kyle,37,"37. Spies, Lies & Allies",callout
/wiki/Logan_Sampedro,c193,Logan,37,"37. Spies, Lies & Allies",group
/wiki/Logan_Sampedro,c193,Logan,37,"37. Spies, Lies & Allies",tribunal
/wiki/Logan_Sampedro,c193,Logan,37,"37. Spies, Lies & Allies",callout
/wiki/Michaela_Bradshaw,c208,Michaela,37,"37. Spies, Lies & Allies",group
/wiki/Michele_Fitzgerald,c209,Michele,37,"37. Spies, Lies & Allies",group
/wiki/Michele_Fitzgerald,c209,Michele,37,"37. Spies, Lies & Allies",tribunal
/wiki/Priscilla_Anyabu,c239,Priscilla,37,"37. Spies, Lies & Allies",tribunal
/wiki/Priscilla_Anyabu,c239,Priscilla,37,"37. Spies, Lies & Allies",tribunal
/wiki/Renan_Hellemans,c246,Renan,37,"37. Spies, Lies & Allies",group
/wiki/Tori_Deal,c289,Tori,37,"37. Spies, Lies & Allies",callout
/wiki/Tacha_Akide,c277,Tracha,37,"37. Spies, Lies & Allies",group
/wiki/Tracy_Candela,c291,Tracy,37,"37. Spies, Lies & Allies",group